Feature,Importance
numerical__Weight,0.580780152444237
numerical__FCVC,0.10056661847636963
numerical__Height,0.0766163366688188
nominal__Gender_Male,0.05506984937041406
nominal__Gender_Female,0.051784276853080576
numerical__Age,0.039661408637339114
numerical__TUE,0.025355410568911402
numerical__CH2O,0.015358825641782996
numerical__NCP,0.01488807563358125
ordinal__CALC,0.013724923391089482
ordinal__CAEC,0.008693764928097897
numerical__FAF,0.005701631423941591
nominal__FAVC_yes,0.0024843707120792056
nominal__family_history_with_overweight_yes,0.0017095365540265193
nominal__FAVC_no,0.001627958208759469
nominal__SCC_yes,0.001624262996811027
nominal__family_history_with_overweight_no,0.0015467473676419174
nominal__MTRANS_Automobile,0.0010028807242578913
nominal__SCC_no,0.0008439541923740594
nominal__MTRANS_Public_Transportation,0.00048065648809165443
nominal__MTRANS_Walking,0.0002802698779826156
nominal__MTRANS_Bike,9.071973284140048e-05
nominal__SMOKE_yes,4.82230819604314e-05
nominal__SMOKE_no,3.3805676160441825e-05
nominal__MTRANS_Motorbike,2.534034934958022e-05
