mean_fit_time,std_fit_time,mean_score_time,std_score_time,param_classifier__subsample,param_classifier__n_estimators,param_classifier__min_samples_split,param_classifier__min_samples_leaf,param_classifier__max_features,param_classifier__max_depth,param_classifier__learning_rate,params,split0_test_accuracy,split1_test_accuracy,split2_test_accuracy,split3_test_accuracy,split4_test_accuracy,mean_test_accuracy,std_test_accuracy,rank_test_accuracy,split0_train_accuracy,split1_train_accuracy,split2_train_accuracy,split3_train_accuracy,split4_train_accuracy,mean_train_accuracy,std_train_accuracy,split0_test_balanced_accuracy,split1_test_balanced_accuracy,split2_test_balanced_accuracy,split3_test_balanced_accuracy,split4_test_balanced_accuracy,mean_test_balanced_accuracy,std_test_balanced_accuracy,rank_test_balanced_accuracy,split0_train_balanced_accuracy,split1_train_balanced_accuracy,split2_train_balanced_accuracy,split3_train_balanced_accuracy,split4_train_balanced_accuracy,mean_train_balanced_accuracy,std_train_balanced_accuracy,split0_test_macro_f1,split1_test_macro_f1,split2_test_macro_f1,split3_test_macro_f1,split4_test_macro_f1,mean_test_macro_f1,std_test_macro_f1,rank_test_macro_f1,split0_train_macro_f1,split1_train_macro_f1,split2_train_macro_f1,split3_train_macro_f1,split4_train_macro_f1,mean_train_macro_f1,std_train_macro_f1,split0_test_weighted_f1,split1_test_weighted_f1,split2_test_weighted_f1,split3_test_weighted_f1,split4_test_weighted_f1,mean_test_weighted_f1,std_test_weighted_f1,rank_test_weighted_f1,split0_train_weighted_f1,split1_train_weighted_f1,split2_train_weighted_f1,split3_train_weighted_f1,split4_train_weighted_f1,mean_train_weighted_f1,std_train_weighted_f1
8.140151405334473,0.08814438208001851,0.05481057167053223,0.005927173972530072,0.8,100,5,2,0.8,3,0.15,"{'classifier__subsample': 0.8, 'classifier__n_estimators': 100, 'classifier__min_samples_split': 5, 'classifier__min_samples_leaf': 2, 'classifier__max_features': 0.8, 'classifier__max_depth': 3, 'classifier__learning_rate': 0.15}",0.9088093599449415,0.8967653131452168,0.8991741225051617,0.9022711631108052,0.9070887818306951,0.9028217481073639,0.004568321204480682,1,0.9358224363386097,0.938575361321404,0.9386613902271164,0.9379731589814178,0.93694081211287,0.9375946317962836,0.0010780764072829154,0.8981931315851908,0.8852930141960857,0.8885331951231376,0.891212662987111,0.8964923278098931,0.8919448663402836,0.0048196054523346014,1,0.9284613210299222,0.931211169436842,0.9313735343491942,0.930228340604465,0.9297367926460005,0.9302022316132849,0.001061884212323017,0.8985821539583071,0.8860566142880636,0.888278515725405,0.8914683152627109,0.8965097389198944,0.8921790676308762,0.004753065060802433,1,0.9285467000312245,0.9314190815171827,0.9315090276605484,0.9306148043869095,0.9297974693806685,0.9303774165953067,0.0011054251929296572,0.9087289721938545,0.8969175190811697,0.8986062966753251,0.902005739644525,0.9064791044008687,0.9025475263991487,0.004498697249658573,1,0.9356806741484734,0.93845958340714,0.9385444005548799,0.9377826062194861,0.9367918339012687,0.9374518196462496,0.0010854748412166394
4.422597408294678,0.0837662545592172,0.07519135475158692,0.005692613913387459,0.9,100,10,4,sqrt,4,0.15,"{'classifier__subsample': 0.9, 'classifier__n_estimators': 100, 'classifier__min_samples_split': 10, 'classifier__min_samples_leaf': 4, 'classifier__max_features': 'sqrt', 'classifier__max_depth': 4, 'classifier__learning_rate': 0.15}",0.9108740536820371,0.9008947006194081,0.8902271163110805,0.903303509979353,0.903303509979353,0.9017205781142463,0.006657014336871966,2,0.9461459050240881,0.9489848589125947,0.9500172057811425,0.946662078458362,0.9470061940812113,0.9477632484514796,0.0014814966890315932,0.9005056894732244,0.8903637200139966,0.8785243263631305,0.8929514115927509,0.8926303635639042,0.8909951022014013,0.00711155946172585,3,0.9397411524739201,0.9427032703373719,0.943806968491664,0.9402503398198157,0.940609965300214,0.9414223392845971,0.0015612279875472435,0.9006473334952027,0.890937901155885,0.8782954089787058,0.8932402495832453,0.8925413604124692,0.8911324507251017,0.0072358596862557535,2,0.9399445785130304,0.9429870199596717,0.9440203736624434,0.9404597268579155,0.9408338556276196,0.9416491109241362,0.001574648783534932,0.9108905566502854,0.9010736509608449,0.8896093516906696,0.9031975885148384,0.9028901426628082,0.9015322580958893,0.006849247336554715,2,0.9460479818760142,0.9489021050833499,0.9499556624292673,0.9465492722917127,0.9468528512885199,0.9476615745937729,0.0015031091874488152
8.64343204498291,0.1716754230153966,0.07699165344238282,0.015713690100649696,0.8,150,2,2,0.8,2,0.15,"{'classifier__subsample': 0.8, 'classifier__n_estimators': 150, 'classifier__min_samples_split': 2, 'classifier__min_samples_leaf': 2, 'classifier__max_features': 0.8, 'classifier__max_depth': 2, 'classifier__learning_rate': 0.15}",0.905712319339298,0.895732966276669,0.8974535443909153,0.9029593943565037,0.9064005505849966,0.9016517549896766,0.004322179894867881,3,0.9232622161046111,0.9229181004817619,0.92618719889883,0.9230901582931865,0.9241225051617343,0.9239160357880248,0.0012088209270647238,0.8950214572481199,0.8847935341599044,0.8871297327038251,0.892400335956868,0.895944042295976,0.8910578204729387,0.0043831286667770485,2,0.9144454476530626,0.9138982751062567,0.9178570341053325,0.9142035301348249,0.9156932919427613,0.9152195157884476,0.0014531381202873652,0.895066369017718,0.8850351728609988,0.8867727463752745,0.8923044666860086,0.8960752058425333,0.8910507921565067,0.004414309492035078,3,0.914616602506915,0.9141695008500477,0.9180111404320853,0.914422864731364,0.9158163427254786,0.915407290249178,0.001419419811463953,0.9057626413162356,0.8960161487205798,0.8970121976284636,0.902707844960361,0.9060183944341739,0.9015034454119629,0.004248713318838313,3,0.9230285707822083,0.9227115328023168,0.9261030491551958,0.9229058811868476,0.9239839015976687,0.9237465871048475,0.0012572114263367559
11.693112325668334,0.2527401720425473,0.06973762512207031,0.013301121463036962,0.8,200,2,1,0.8,2,0.1,"{'classifier__subsample': 0.8, 'classifier__n_estimators': 200, 'classifier__min_samples_split': 2, 'classifier__min_samples_leaf': 1, 'classifier__max_features': 0.8, 'classifier__max_depth': 2, 'classifier__learning_rate': 0.1}",0.9039917412250517,0.8929800412938748,0.8967653131452168,0.9060564349621473,0.9039917412250517,0.9007570543702684,0.005008508024407506,4,0.9191328286304198,0.9209394356503785,0.9217997247075017,0.9213695801789401,0.921885753613214,0.9210254645560909,0.0010047351218621145,0.8930927793344566,0.881933119442527,0.8862647262964165,0.8955636366556986,0.8936413365223087,0.8900991196502815,0.005152792962284316,4,0.9099183051083148,0.9117419150974843,0.9130429429371144,0.9125146478908753,0.9132115402253922,0.9120858702518362,0.0011986338121065339,0.8931751249902472,0.8822188136954685,0.8858640106155472,0.8958025048882118,0.8936296159861682,0.8901380140351286,0.0051861859398431515,4,0.9100405888223232,0.9120127217335968,0.913141983982103,0.9126475693698024,0.9132340079321706,0.9122153743679992,0.0011707922526649431,0.9039488968647549,0.8933844474037631,0.8963081868124116,0.905987147891971,0.9035124641579061,0.9006282286261614,0.0048825975775475036,4,0.918887533380619,0.9207469817326764,0.9218006871370206,0.9211974521495764,0.9216640712309079,0.92085934512616,0.0010534412500377724
18.933931493759154,0.27875386355925086,0.08563284873962403,0.009032666181944218,0.8,150,5,1,,4,0.05,"{'classifier__subsample': 0.8, 'classifier__n_estimators': 150, 'classifier__min_samples_split': 5, 'classifier__min_samples_leaf': 1, 'classifier__max_features': None, 'classifier__max_depth': 4, 'classifier__learning_rate': 0.05}",0.9067446662078459,0.8929800412938748,0.8960770818995183,0.9015829318651066,0.9050240880935995,0.900481761871989,0.005229651821476357,5,0.93694081211287,0.9390055058499656,0.9387474191328287,0.9366827253957329,0.9378871300757055,0.9378527185134204,0.0009307039460632173,0.8958363346349716,0.8814939325891574,0.8851954822413085,0.891196850022861,0.8942689467412487,0.8895983092459094,0.00544699834055381,5,0.9293819635345676,0.9316906832672682,0.9314023489783454,0.9290910339430137,0.930603434426758,0.9304338928299906,0.0010446051024626507,0.89599861748594,0.881881570785002,0.8852501409813395,0.8909917810851279,0.8940169371574068,0.8896278094989633,0.005308111723782248,5,0.9296494914404213,0.9319048585710252,0.9315727267306645,0.929413401037709,0.9307590376226378,0.9306599030804916,0.0009967635499176447,0.9066717360464782,0.8933166683113423,0.8955388202451674,0.9012926290585699,0.9044402020274811,0.9002520111378078,0.005101957369469729,5,0.9367400572121122,0.9388817957419878,0.9386398149717549,0.9365065213949197,0.937714050053584,0.9376964478748716,0.0009618637127741516
3.9264893531799316,0.15724255484057234,0.056063079833984376,0.007100210537460184,0.8,100,10,2,sqrt,4,0.15,"{'classifier__subsample': 0.8, 'classifier__n_estimators': 100, 'classifier__min_samples_split': 10, 'classifier__min_samples_leaf': 2, 'classifier__max_features': 'sqrt', 'classifier__max_depth': 4, 'classifier__learning_rate': 0.15}",0.9046799724707502,0.8981417756366139,0.8922918100481761,0.9019270474879559,0.9043358568479009,0.9002752924982793,0.004623971653748337,6,0.9457157604955265,0.948554714384033,0.9505333792154164,0.9468341362697866,0.9483826565726085,0.9480041293874741,0.0016400638671427974,0.8933419321356865,0.887343094660891,0.8810442728212078,0.8915809969587729,0.8934928133672596,0.8893606219887635,0.0047135545202611285,6,0.9393476285819148,0.9422925151636931,0.9444685429802918,0.9405096182110053,0.9420103592822769,0.9417257328438364,0.0017354870516923856,0.8937370200839034,0.8879110772239173,0.8808514018594312,0.891650636302379,0.8936215038374338,0.8895543278614129,0.004834718965591861,6,0.9394825198170462,0.9425192293091004,0.9446996994584848,0.940680836060125,0.9422633358256233,0.941929124094076,0.0017708814189695016,0.9045007552919345,0.8984797346488335,0.89181145306555,0.9018938428881607,0.903931945005586,0.9001235461800128,0.004660275098157526,6,0.9456274863462519,0.9484561408692518,0.9504706696603771,0.9467064458502682,0.9482273470906825,0.9478976179633662,0.001650069861026155
6.957394695281982,0.16048671804787584,0.059589719772338866,0.010092770590968695,0.8,100,2,1,,2,0.15,"{'classifier__subsample': 0.8, 'classifier__n_estimators': 100, 'classifier__min_samples_split': 2, 'classifier__min_samples_leaf': 1, 'classifier__max_features': None, 'classifier__max_depth': 2, 'classifier__learning_rate': 0.15}",0.9026152787336545,0.8912594631796283,0.8943565037852719,0.9005505849965588,0.9022711631108052,0.8982105987611838,0.004572466687370439,7,0.9131968341362698,0.9158637302133517,0.916207845836201,0.9145732966276668,0.9151754989676532,0.9150034411562284,0.001064814070665212,0.891566786142728,0.8801063692707469,0.8836862510187482,0.8896575408143951,0.8919698363945078,0.8873973567282251,0.004697466290171385,7,0.9037377450757267,0.906287726178607,0.9068231720292024,0.9049070598723542,0.9059085686307776,0.9055328543573337,0.0010945271532950597,0.891667033115352,0.8802160971379701,0.8834561818513851,0.8897309302122139,0.8918355716152595,0.8873811627864361,0.004700542320481107,7,0.9036720935753741,0.9064976887389891,0.90690978454896,0.9051140482520511,0.9058729372219424,0.9056133104674634,0.001144374222416031,0.9026027882228302,0.8915160843194452,0.893905472519221,0.9002468596086722,0.9020495560826414,0.8980641521505619,0.004503746936564163,7,0.9129728324812456,0.9156561799288019,0.9160972376208252,0.9143456443885198,0.9149409853181949,0.9148025759475175,0.0010936812479932533
5.829476404190063,0.1347120824648779,0.05815439224243164,0.0031901313515083365,0.8,100,2,2,0.8,2,0.15,"{'classifier__subsample': 0.8, 'classifier__n_estimators': 100, 'classifier__min_samples_split': 2, 'classifier__min_samples_leaf': 2, 'classifier__max_features': 0.8, 'classifier__max_depth': 2, 'classifier__learning_rate': 0.15}",0.9022711631108052,0.8929800412938748,0.8940123881624226,0.8988300068823124,0.8981417756366139,0.8972470750172057,0.0033828508540796943,8,0.913799036476256,0.9157777013076394,0.9185306262904336,0.913540949759119,0.9144012388162422,0.9152099105299382,0.0018319107576333343,0.8912373929727647,0.8820271050860649,0.8830622728252576,0.8880373145385577,0.8869836326485736,0.8862695436142436,0.0033645010036561923,8,0.904096827018973,0.906235676876573,0.9094819781850046,0.9041350833164224,0.9049900825692049,0.9057879295932356,0.002003734574902292,0.8912189472758657,0.8822634037115965,0.8829988734920956,0.8880654408028932,0.8869713969143354,0.8863036124393572,0.003315270061880243,8,0.9042533664648997,0.9064074096606839,0.9095562724482561,0.9042022483737563,0.9050044600482829,0.9058847513991758,0.0020010189688730016,0.9022697280991091,0.8934047507453754,0.8935389999731943,0.8986514509288347,0.8977569985637269,0.8971243856620481,0.0033435714635157935,8,0.9134731683330178,0.9155388618923707,0.9184653393007355,0.9133626059108658,0.9141711840025987,0.9150022318879177,0.0018972682468028728
3.949061727523804,0.14327401016714403,0.06926851272583008,0.007272512520232761,1.0,150,10,2,sqrt,2,0.15,"{'classifier__subsample': 1.0, 'classifier__n_estimators': 150, 'classifier__min_samples_split': 10, 'classifier__min_samples_leaf': 2, 'classifier__max_features': 'sqrt', 'classifier__max_depth': 2, 'classifier__learning_rate': 0.15}",0.9002064693737095,0.8895388850653819,0.8885065381968341,0.9026152787336545,0.9046799724707502,0.8971094287680661,0.006760799278867358,9,0.9124225739848589,0.9136269786648313,0.9141431520991053,0.9095836200963524,0.9119924294562973,0.912353750860289,0.0015894640646773484,0.8885454188857292,0.877821469915686,0.8769509851818439,0.8916974454531704,0.8937184799493195,0.8857467598771498,0.007028048739783457,9,0.9024878393959803,0.9036756325659953,0.9039239412276553,0.8991563784797304,0.9018713925864619,0.9022230368511647,0.0017088755163812393,0.8888849081047422,0.8781946406974191,0.8768677632247813,0.8919670415815941,0.8936553548497387,0.8859139416916552,0.007025910475996173,9,0.9026802298214508,0.9039704493509684,0.90425385721807,0.8994091686575645,0.9020619460119956,0.9024751302120098,0.0017327871407472088,0.9001544690817289,0.8897416700388473,0.8879044350254248,0.9023082106180628,0.9040545184665935,0.8968326606461314,0.006680818058946466,9,0.9121048539722427,0.913315245843876,0.9138430070617966,0.9092447830923259,0.9116095499281318,0.9120234879796746,0.0016048958879733713
2.4367867946624755,0.1659993978498453,0.06228537559509277,0.01542263472687131,0.8,75,10,4,sqrt,3,0.15,"{'classifier__subsample': 0.8, 'classifier__n_estimators': 75, 'classifier__min_samples_split': 10, 'classifier__min_samples_leaf': 4, 'classifier__max_features': 'sqrt', 'classifier__max_depth': 3, 'classifier__learning_rate': 0.15}",0.9002064693737095,0.8898830006882312,0.8888506538196834,0.8981417756366139,0.8988300068823124,0.8951823812801101,0.004805805987638274,10,0.9118203716448727,0.9156916724019271,0.9167240192704749,0.9157777013076394,0.9140571231933929,0.9148141775636613,0.001725217420523744,0.8893942711482669,0.8784890919528999,0.8773161652424173,0.8876358127332189,0.8874598693293285,0.8840590420812262,0.005085554364306305,10,0.9019424491052651,0.9057858233175031,0.90735945269817,0.9062790974896983,0.9045259782045546,0.9051785601630382,0.0018565840237767764,0.8892670668169941,0.8788181448272951,0.8769528507458787,0.8874265069364575,0.8870088796608326,0.8838946897974918,0.004999895676924324,10,0.9019886991015754,0.9060586951288802,0.9073899462955203,0.9063125988733512,0.9046123386034927,0.9052724556005639,0.0018656177883752086,0.9003811713325961,0.8901527865110472,0.8882949772923522,0.8980150829567628,0.8979909852170348,0.8949670006619586,0.004805020001028902,10,0.9115027872064879,0.9153736775389871,0.9166182300674749,0.9156002299588129,0.9138227954722404,0.9145835440488007,0.0017814437675500818
5.353371047973633,0.14180124146527942,0.08445978164672852,0.005475182619557379,1.0,200,2,4,sqrt,2,0.1,"{'classifier__subsample': 1.0, 'classifier__n_estimators': 200, 'classifier__min_samples_split': 2, 'classifier__min_samples_leaf': 4, 'classifier__max_features': 'sqrt', 'classifier__max_depth': 2, 'classifier__learning_rate': 0.1}",0.8988300068823124,0.8885065381968341,0.8895388850653819,0.899518238128011,0.8981417756366139,0.8949070887818307,0.004835283708258864,11,0.9089814177563661,0.9100997935306263,0.9124225739848589,0.9071748107364074,0.9107019958706125,0.9098761183757743,0.0017500909999933383,0.8874084264530865,0.8770672185756662,0.8783086665353371,0.8881983191013053,0.8868048341395224,0.8835574929609835,0.004828789106979079,11,0.8987402369044784,0.899700562366186,0.9025359862052574,0.8968239480895617,0.9006456822481652,0.8996892831627298,0.0019041732339898521,0.8875990985094345,0.8771292141572707,0.878130950680582,0.888455286795956,0.886454573405849,0.8835538247098184,0.004888478233194893,11,0.8989249488827724,0.8999333431913937,0.9026621929253139,0.8969149918700472,0.9008195518345335,0.8998510057408122,0.0019144395070821555,0.8988714176438576,0.8886084333148203,0.8888891625691008,0.8991376116261828,0.8974203509625784,0.8945853952233079,0.004802099051832391,11,0.9086709561313263,0.9097562078364694,0.9121721682420173,0.9068034446312649,0.9103883149231107,0.9095582183528377,0.001785329475561241
12.909130573272705,0.1344055329005691,0.08558673858642578,0.0060734517242362635,0.9,200,10,4,0.8,2,0.05,"{'classifier__subsample': 0.9, 'classifier__n_estimators': 200, 'classifier__min_samples_split': 10, 'classifier__min_samples_leaf': 4, 'classifier__max_features': 0.8, 'classifier__max_depth': 2, 'classifier__learning_rate': 0.05}",0.8964211975223675,0.8895388850653819,0.8881624225739848,0.8977976600137646,0.8981417756366139,0.8940123881624226,0.0042759049048889525,12,0.9030454232622162,0.9063145216792843,0.9077770130763937,0.9031314521679285,0.9046799724707502,0.9049896765313145,0.0018359463415821395,0.8844074744924374,0.8779628441041316,0.8765501051736065,0.8864517734653484,0.8866609184887785,0.8824066231448604,0.00430143350556923,12,0.8926238541335147,0.8957064064157286,0.8975164563187017,0.8923525661648609,0.8942048668657029,0.8944808299797018,0.0019375802780656748,0.8845747486167773,0.8781287765850397,0.8764297295021876,0.8862823060123616,0.8865789796208673,0.8823989080674467,0.0042697347811635495,12,0.892666133819017,0.8958947151016845,0.8975189772951371,0.8924314671392678,0.8943172671658646,0.8945657121041943,0.0019345877273768152,0.8962781588647083,0.8897137320624544,0.8875356613547288,0.8973973425376529,0.8975308536015593,0.8936911496842207,0.004216199607514611,12,0.9027372244592141,0.9059676351983189,0.9075657244366023,0.9027901026421075,0.9043597344541754,0.9046840842380837,0.0018672967288589888
14.733110189437866,0.23135798378596978,0.08010320663452149,0.0018626114012140465,0.8,150,2,1,,3,0.03,"{'classifier__subsample': 0.8, 'classifier__n_estimators': 150, 'classifier__min_samples_split': 2, 'classifier__min_samples_leaf': 1, 'classifier__max_features': None, 'classifier__max_depth': 3, 'classifier__learning_rate': 0.03}",0.8953888506538197,0.887130075705437,0.8857536132140399,0.890915347556779,0.8950447350309704,0.8908465244322092,0.003949991700559326,13,0.9033895388850653,0.9061424638678596,0.9073468685478321,0.9036476256022024,0.9052821748107364,0.9051617343427392,0.0014956169175568347,0.8832335643140451,0.8750618842488426,0.8739760512450535,0.8784397444651508,0.8828956903361206,0.8787213869218424,0.0038411989478721164,13,0.8924815030928109,0.8953287103002173,0.8967749497278997,0.8926357281013627,0.8944203967760235,0.8943282575996628,0.0016291627245574598,0.8832084064769649,0.8754451468218717,0.8740841406495052,0.8783169081120459,0.8828518556365677,0.8787812915393911,0.003730350620676093,13,0.8927097203118094,0.8955620288595976,0.8969334782263835,0.8929192390109646,0.8947278262741495,0.8945704585365808,0.0015987939847029596,0.8951016084719459,0.8873189574857369,0.8850618502469912,0.8900691860385989,0.8940135884110588,0.8903130381308664,0.0038268377345243667,13,0.9028900992851664,0.9057367669467334,0.90698297722562,0.9032788617205336,0.9048349823711423,0.9047447375098393,0.0015225280515015025
4.933962202072143,0.27067747288898003,0.11046781539916992,0.02321439297433611,0.8,150,2,4,sqrt,3,0.05,"{'classifier__subsample': 0.8, 'classifier__n_estimators': 150, 'classifier__min_samples_split': 2, 'classifier__min_samples_leaf': 4, 'classifier__max_features': 'sqrt', 'classifier__max_depth': 3, 'classifier__learning_rate': 0.05}",0.8967653131452168,0.8857536132140399,0.8830006882312457,0.8922918100481761,0.8929800412938748,0.8901582931865107,0.005035859086008743,14,0.9024432209222298,0.9060564349621473,0.9074328974535444,0.9043358568479009,0.9049380591878872,0.9050412938747419,0.0016738315907798183,0.8850347668186107,0.873083164183247,0.8708988096741459,0.8801656456839936,0.8805863646054147,0.8779537501930823,0.005204973209588638,14,0.8913870112149335,0.8954219307688415,0.8969511125622374,0.8934829944292151,0.8941818510396434,0.8942849800029743,0.001868312575969182,0.8852599043200579,0.8736875479858747,0.870771994403057,0.8804709956240874,0.8803174762958206,0.8781015837257795,0.005195621955246573,14,0.8916612105608988,0.8957385879821704,0.8971681908148018,0.8938472472118902,0.8944407262359139,0.894571192561135,0.0018502067760664885,0.8966174514359558,0.8857746293645773,0.8822553312010779,0.8918135550363951,0.8918543076484573,0.8896630549372926,0.005055375241615029,14,0.9020339109668732,0.9057438277706301,0.907163638949844,0.9039572885634717,0.9045588057036585,0.9046914943908954,0.001722690825587915
6.941523647308349,0.15846326681390138,0.09662947654724122,0.009254693819271017,1.0,150,10,4,sqrt,4,0.03,"{'classifier__subsample': 1.0, 'classifier__n_estimators': 150, 'classifier__min_samples_split': 10, 'classifier__min_samples_leaf': 4, 'classifier__max_features': 'sqrt', 'classifier__max_depth': 4, 'classifier__learning_rate': 0.03}",0.8933241569167241,0.8823124569855472,0.8826565726083965,0.8905712319339298,0.8926359256710255,0.8883000688231245,0.004835283708258851,15,0.9077770130763937,0.908121128699243,0.9086373021335169,0.9070027529249828,0.9061424638678596,0.9075361321403992,0.0008763132538367007,0.8805165117601518,0.8695587396181298,0.8704333422130359,0.8781124180671694,0.8801261908027735,0.8757494404922521,0.004775986871853614,15,0.8971237245384057,0.8976625527133673,0.8982250242071862,0.8964025597575408,0.8953992034834842,0.8969626129399968,0.000986657340408161,0.8810962539424267,0.8699654192359694,0.8703714196949484,0.878343155821252,0.8800827474751235,0.875971799233944,0.004821288525404542,15,0.8973989435006086,0.8979317245815505,0.8984952049669408,0.8967021380542637,0.8957079402682852,0.8972471902743298,0.0009711363896104863,0.8929186290776085,0.8823672852789555,0.8820103302439655,0.889999353323749,0.8914818448735186,0.8877554885595595,0.0046393589887402525,15,0.907200017201001,0.9076833727792661,0.9083105092296058,0.9065561550572381,0.9057335650035904,0.9070967238541403,0.000892022207186318
6.87408332824707,0.11376042390894738,0.10049982070922851,0.02229582381051605,0.9,200,10,1,sqrt,3,0.03,"{'classifier__subsample': 0.9, 'classifier__n_estimators': 200, 'classifier__min_samples_split': 10, 'classifier__min_samples_leaf': 1, 'classifier__max_features': 'sqrt', 'classifier__max_depth': 3, 'classifier__learning_rate': 0.03}",0.8878183069511356,0.8785271851342051,0.8768066070199587,0.8860977288368892,0.887130075705437,0.8832759807295251,0.004644413714742728,16,0.8940984170681349,0.8967653131452168,0.899260151410874,0.893840330350998,0.8965932553337922,0.8961114934618033,0.001989184757763611,0.8749576233433406,0.8652679532807573,0.86397433084302,0.8733828417655932,0.8742460529669337,0.870365760439929,0.004734610118454823,16,0.8821702809519906,0.8849900025635129,0.8877996747186118,0.8820087393687206,0.884952027766181,0.8843841450738033,0.002140053430094393,0.8751941982456298,0.8656624937391643,0.8638773434844438,0.8734317873802837,0.8739787752540514,0.8704289196207146,0.004689744891265045,16,0.8824272939012558,0.8852721050990187,0.8879849828633528,0.8821484271116455,0.8851664689826875,0.8845998555915922,0.0021429690931897166,0.8874360698239576,0.8783808804907134,0.8760198824536924,0.8854627712799383,0.8858467777541214,0.8826292763604846,0.004543549875560779,16,0.8934910787208373,0.8961699975783368,0.8988455535269546,0.8932890546320673,0.8960260026939877,0.895564337430437,0.002040669085954776
5.178368806838989,0.14218934333517025,0.045074844360351564,0.007396932426869609,1.0,75,5,2,0.8,2,0.05,"{'classifier__subsample': 1.0, 'classifier__n_estimators': 75, 'classifier__min_samples_split': 5, 'classifier__min_samples_leaf': 2, 'classifier__max_features': 0.8, 'classifier__max_depth': 2, 'classifier__learning_rate': 0.05}",0.8661390227116311,0.8630419821059876,0.860977288368892,0.8585684790089471,0.8654507914659325,0.8628355127322781,0.002809130300338385,17,0.868547832071576,0.868805918788713,0.8722470750172058,0.8705264969029594,0.8717309015829319,0.8703716448726773,0.001494428819725282,0.8504114728703157,0.8474114588857783,0.8460748106622639,0.842229660761792,0.8501870701935622,0.8472628946747424,0.00300770363189218,17,0.8538527221441402,0.8535773915758063,0.8574581787554173,0.8558822235582352,0.857008238576166,0.8555557509219531,0.00159058160117403,0.8506337615538546,0.8481296992330135,0.845822279590206,0.8418579543587236,0.8492513187720113,0.8471390027015617,0.0030750586851623434,17,0.8538967340474023,0.8537237325263964,0.8575996503507931,0.855750274447377,0.8570607008995996,0.8556062184543137,0.0015859465467009664,0.8650364840676633,0.8623677647306198,0.859317830141262,0.8564912199073978,0.8631909745699069,0.8612808546833699,0.0030241941122898853,17,0.8670839852865436,0.8672323032707119,0.8709727003364506,0.8691227052993266,0.8702375030761401,0.8689298394538346,0.0015626431882613105
3.8481071472167967,0.25639935367918726,0.050378942489624025,0.0005687861573362931,0.9,200,5,1,sqrt,2,0.03,"{'classifier__subsample': 0.9, 'classifier__n_estimators': 200, 'classifier__min_samples_split': 5, 'classifier__min_samples_leaf': 1, 'classifier__max_features': 'sqrt', 'classifier__max_depth': 2, 'classifier__learning_rate': 0.03}",0.8599449415003441,0.8516861665519615,0.8475567790777702,0.8582243633860978,0.8592567102546456,0.8553337921541638,0.004874310037061443,18,0.8645905024088094,0.8658809359944941,0.8660529938059188,0.8643324156916724,0.8632140399174123,0.8648141775636613,0.0010502575679305997,0.8436395912046907,0.8355336499842362,0.8310034013860934,0.8431470625195301,0.8433031471716903,0.8393253704532482,0.005151171746957089,18,0.8491963938000501,0.8506227608812091,0.8509638944256718,0.8492347351804674,0.8477785204393051,0.8495592609453407,0.0011412321073903354,0.8431529373151054,0.8352537667925973,0.830849530831691,0.8419026372180128,0.8424103606237933,0.8387138465562399,0.0048447444243805374,18,0.8488750566019319,0.8502729926529812,0.850503524162159,0.8487788913300124,0.8474820642898003,0.8491825058073769,0.0011030124268631197,0.8582284064473408,0.8504883265561591,0.845552344750012,0.8562063954030297,0.857014148985172,0.8534979244283427,0.0047805235291501266,18,0.8626870031839426,0.864097199519737,0.8644446496657027,0.862649298015664,0.8614885629594631,0.8630733426689019,0.0010741847628321513
2.5283183574676515,0.14622388526527635,0.054273128509521484,0.008080597671775946,0.8,100,5,1,sqrt,2,0.05,"{'classifier__subsample': 0.8, 'classifier__n_estimators': 100, 'classifier__min_samples_split': 5, 'classifier__min_samples_leaf': 1, 'classifier__max_features': 'sqrt', 'classifier__max_depth': 2, 'classifier__learning_rate': 0.05}",0.8516861665519615,0.8434273916035788,0.8417068134893324,0.8458362009635237,0.8509979353062629,0.8467309015829318,0.003992927654331812,19,0.8540949759119064,0.8559876118375774,0.8569339298004129,0.8577942188575362,0.8531486579490709,0.8555918788713008,0.0017330928213206312,0.83358862377043,0.8262568935975857,0.8242988163744033,0.8291870454243211,0.83409631966075,0.8294855397654981,0.0038861277405409004,19,0.8376270230163524,0.8396672836725271,0.8405483038833548,0.8420408328403608,0.836460255197956,0.8392687397221102,0.0020031695406922414,0.8327370278370075,0.82591643590212,0.823912118754536,0.8278622813302954,0.8332001559253838,0.8287256039498685,0.003685635027387824,19,0.8371054274182426,0.8390226561291374,0.8401980987448047,0.8414273537374545,0.8360263858551871,0.8387559843769653,0.0019729200844219494,0.8489368436666022,0.8418574053141399,0.8391783544927781,0.8431858496973903,0.8483383951546292,0.844299369665108,0.0037748590708706997,19,0.8517932108686783,0.8536875734982367,0.8548617614942938,0.8558108460511025,0.8509990687009188,0.8534304921226461,0.0018095976034979994
2.066384744644165,0.09764681076407164,0.06058106422424316,0.02525418231676483,1.0,75,5,2,sqrt,2,0.05,"{'classifier__subsample': 1.0, 'classifier__n_estimators': 75, 'classifier__min_samples_split': 5, 'classifier__min_samples_leaf': 2, 'classifier__max_features': 'sqrt', 'classifier__max_depth': 2, 'classifier__learning_rate': 0.05}",0.8306951135581555,0.8165863730213352,0.8121128699242945,0.8248451479697179,0.8224363386097728,0.8213351686166552,0.00646131492032131,20,0.8270818995182381,0.8299208534067447,0.8311252580867171,0.8267377838953889,0.8294046799724708,0.8288540949759119,0.001686342112017328,0.8092189446206862,0.7957057020648473,0.7903362797573074,0.804756715897222,0.8012617524797278,0.8002558789639581,0.006643920812745529,20,0.8066220770280165,0.8097879781143448,0.8108687970360796,0.8062067758294994,0.8091993205999211,0.8085369897215722,0.0018186680241322924,0.8085399200845899,0.7951363204180669,0.7893091961808815,0.8041851201173646,0.8001800285720492,0.7994701170745905,0.006738288529531733,20,0.8062773050073389,0.8094378025785136,0.8102991256401076,0.805512084447502,0.8087496999538525,0.808055203525463,0.001847022992416215,0.8262860553888752,0.8132095172977852,0.807622031796296,0.8211658942084403,0.8179111217245135,0.8172389240831821,0.006425640282429552,20,0.8232891529397283,0.8261187348743178,0.8272292559646911,0.8228068226652362,0.8256916231692787,0.8250271179226504,0.0016989902919161402
