Feature,SHAP Value,Absolute Impact
numerical__Weight,0.2940505353109048,0.2940505353109048
numerical__FCVC,0.25261369610576107,0.25261369610576107
nominal__Gender_Female,0.039749752353421694,0.039749752353421694
numerical__Height,0.03113834137863055,0.03113834137863055
nominal__Gender_Male,0.029244525372354484,0.029244525372354484
numerical__TUE,0.020831325703573253,0.020831325703573253
nominal__MTRANS_Public_Transportation,0.01996303961801958,0.01996303961801958
nominal__MTRANS_Automobile,0.014084441031058187,0.014084441031058187
numerical__CH2O,0.01274860974214557,0.01274860974214557
numerical__Age,0.010671264995942847,0.010671264995942847
numerical__NCP,0.006923003681517359,0.006923003681517359
ordinal__CALC,0.0056068606063411465,0.0056068606063411465
nominal__FAVC_yes,0.0015453799259103145,0.0015453799259103145
nominal__family_history_with_overweight_no,0.0012150296641723957,0.0012150296641723957
nominal__family_history_with_overweight_yes,0.0010354106417551356,0.0010354106417551356
nominal__FAVC_no,0.0008901333798061295,0.0008901333798061295
numerical__FAF,-0.0005968201079824459,0.0005968201079824459
ordinal__CAEC,8.592231247967763e-05,8.592231247967763e-05
nominal__SCC_yes,3.786159478524065e-05,3.786159478524065e-05
nominal__SMOKE_no,2.962360709867773e-05,2.962360709867773e-05
nominal__MTRANS_Motorbike,-1.2600208973281846e-05,1.2600208973281846e-05
nominal__MTRANS_Walking,3.930679326008546e-06,3.930679326008546e-06
nominal__SCC_no,3.3942013953319748e-06,3.3942013953319748e-06
nominal__SMOKE_yes,0.0,0.0
nominal__MTRANS_Bike,0.0,0.0
