rank_test_macro_f1,mean_test_macro_f1,std_test_macro_f1,mean_train_macro_f1,mean_test_accuracy,mean_test_balanced_accuracy,mean_test_weighted_f1,mean_fit_time,param_classifier__n_estimators,param_classifier__max_depth,param_classifier__min_samples_split,param_classifier__min_samples_leaf,param_classifier__max_features,param_classifier__class_weight
1,0.887985191412794,0.006204965298950369,0.9846754163051934,0.8988988300068822,0.8879526924462118,0.8987769865922921,10.882102012634277,200,30,5,1,0.5,balanced_subsample
2,0.88736915033993,0.006627877057582097,0.9845121782176676,0.8984170681348933,0.8873197735115006,0.8982397588978964,17.165644454956055,300,30,5,1,0.5,balanced_subsample
3,0.8871945443237207,0.006268701828929814,0.9456896341613683,0.8983482450103235,0.8870019005710574,0.8980866073073285,9.56185073852539,150,20,10,2,0.5,
4,0.8868371718828488,0.005372744354541553,0.9907370759738926,0.8980041293874741,0.8866548925938738,0.8977633602448055,11.188812446594238,200,15,2,1,0.5,
5,0.8868007002299476,0.006895699701993866,0.964225698126512,0.8977288368891948,0.8870503084622927,0.8976935464205003,10.237188577651978,150,15,5,2,0.5,balanced
6,0.8857127814326393,0.006867718993686976,0.9733752928537822,0.8968341362697867,0.885776106314427,0.8966687987923854,10.707930564880371,200,,2,2,0.5,balanced_subsample
7,0.884658905558887,0.006118768196349984,0.9599398442791156,0.8956641431520991,0.884966392236449,0.8956604340985519,10.259944677352905,150,,10,1,0.5,balanced
8,0.8831153352632649,0.007370264983521537,0.9888211742495685,0.8946317962835513,0.8829348272341273,0.8945831101478647,15.74925937652588,400,15,2,1,sqrt,balanced
9,0.8815008230295435,0.0053418405733509505,0.9748174952168978,0.8931176875430145,0.8814444207407398,0.893015074149542,6.787344884872437,150,,2,2,sqrt,balanced
10,0.8804202051192019,0.006024088500431534,0.9401484071517526,0.8919476944253268,0.8804769370542997,0.8918968314833708,12.525759077072143,400,,2,4,sqrt,balanced
11,0.8798716660560697,0.006915742527664387,0.9363740577910666,0.891878871300757,0.879152721257135,0.8914580825712516,9.131341361999512,200,,5,4,sqrt,
12,0.8783001081023449,0.0073754054506370206,0.9590583780166423,0.8902271163110805,0.8781764143196099,0.8901422558872831,16.08202495574951,400,15,5,2,log2,balanced
13,0.8782341931531784,0.007746019436495698,0.9607465245326802,0.8906400550584996,0.8773351622865798,0.8900971971093303,9.292241859436036,400,30,10,1,log2,
14,0.8781816796871302,0.005794550540038878,0.9486269559793191,0.8900206469373708,0.8780349138962749,0.8898864932987005,7.168055152893066,200,20,10,2,log2,balanced
15,0.8767309600759916,0.005840462259382252,0.9506373084735227,0.8894700619408121,0.8758148752119952,0.8888141662800748,7.999103546142578,200,15,10,1,log2,
16,0.8763315109823191,0.005342742295042833,0.9545785160071336,0.8890571231933929,0.8754008634947124,0.888365951839365,11.397611379623413,400,15,5,2,log2,
17,0.8761938315672102,0.006575774714311661,0.9328636828783866,0.8882312456985547,0.8760779140560004,0.888004501310309,4.487653732299805,150,30,2,4,log2,balanced_subsample
18,0.8746386946183732,0.005835194971501677,0.9322223054305108,0.8867859600825877,0.8746676043578778,0.8866390719858688,11.212891054153442,300,15,2,4,log2,balanced
19,0.8731639714951491,0.007400789329458468,0.9122724631863193,0.8852718513420509,0.8733450127098891,0.8851648940446027,9.466127586364745,200,10,5,4,sqrt,balanced
20,0.872881228693776,0.006279497389924024,0.9101112014867307,0.8860289057123193,0.8719322502919431,0.8851415665149863,7.247416019439697,400,10,2,4,sqrt,
